Name,Check,Dates,Type
,Yes,21/08/2022,
Data Science Methodology,Yes,07/11/2022 → 13/11/2022,📒 Lesson
Presentación PowerPoint,Yes,03/11/2022 → 13/11/2022,Presentación
Evaluación de Storytelling,Yes,30/09/2022,Presentación
"Elección de local de examen ",Yes,13/12/2022,📌 Assignment
Fundamentos de la Programación,Yes,29/11/2022 18:00 (CET),📒 Lesson
Fundamentos de la Programción,Yes,22/11/2022 18:00 (CET),📒 Lesson
Fundamentos de la Programación,Yes,15/11/2022 18:00 (CET),📒 Lesson
Fundamentos de la Programación,Yes,08/11/2022 18:00 (CET),
Fundamentos de la Programación,Yes,31/10/2022 18:00 (CET),📒 Lesson
Fundamentos de la Programación,Yes,25/10/2022 18:00 (CEST),📒 Lesson
Fundamentos de la Programación I,Yes,18/10/2022 18:00 (CEST),📒 Lesson
Formación Alumnos AFD,Yes,18/10/2022 11:30 (CEST) → 12:30,Evento
Habilidades Profesionales,Yes,17/10/2022 20:00 (CEST),📒 Lesson
Habilidades Profesionales,Yes,24/10/2022 20:00 (CEST),📒 Lesson
Habilidades Profesionales,Yes,21/11/2022 20:00 (CET),📒 Lesson
Habilidades Profesionales,Yes,14/11/2022 20:00 (CET),📒 Lesson
Habilidades Profesionales,Yes,07/11/2022 20:00 (CET),📒 Lesson
Habilidades Profesionales,Yes,31/10/2022 20:00 (CET),📒 Lesson
Habilidades Profesionales,Yes,28/11/2022 20:00 (CET),📒 Lesson
Fundamentos de la Programación II,No,10/06/2023 12:00 (CEST),
Estructura y Análisis de Datos,Yes,16/06/2023 12:00 (CEST),🔍 Exam
Métodos Numéricos,Yes,09/06/2023 12:00 (CEST),🔍 Exam
Estructura y Análisis de Datos,No,26/04/2023,📌 Assignment
Estructura y Análisis de Datos,No,31/05/2023 19:30 (CEST),📌 Assignment
Métodos numéricos y Factorización,No,28/05/2023 23:59 (CEST),📌 Assignment
Fundamentos de la programación II,Yes,05/05/2023 19:30 (CEST),📒 Lesson
Fundamentos de la programación II,Yes,28/04/2023 19:30 (CEST),📒 Lesson
Fundamentos de la programación II,Yes,21/04/2023 19:30 (CEST),📒 Lesson
Fundamentos de la programación II,Yes,14/04/2023 19:30 (CEST),📒 Lesson
Data Analysis with python,Yes,12/03/2023,🔍 Exam
Entregable Estructura de datos,Yes,22/03/2023 19:30 (CET),📌 Assignment
Fundamentos de la programación II,Yes,31/03/2023 19:30 (CEST),📒 Lesson
Fundamentos de la programación II,Yes,24/03/2023 19:30 (CET),📒 Lesson
Fundamentos de la programación II,Yes,17/03/2023 19:30 (CET),📒 Lesson
Fundamentos de la programación II,Yes,10/03/2023 19:30 (CET),📒 Lesson
,Yes,15/02/2023,
Fundamentos de la programación II,Yes,03/03/2023 19:30 (CET),📒 Lesson
Fundamentos de la programación II,Yes,24/02/2023 19:30 (CET),📒 Lesson
Estructura y análisis de Datos,Yes,04/05/2023 19:30 (CEST),📒 Lesson
Estructura y análisis de Datos,Yes,26/04/2023 19:30 (CEST),📒 Lesson
Estructura y análisis de Datos,Yes,19/04/2023 19:30 (CEST),📒 Lesson
Estructura y análisis de Datos,Yes,12/04/2023 19:30 (CEST),📒 Lesson
Estructura y análisis de Datos,Yes,29/03/2023 19:30 (CEST),📒 Lesson
Estructura y análisis de Datos,Yes,22/03/2023 19:30 (CET),📒 Lesson
Estructura y análisis de Datos,Yes,15/03/2023 19:30 (CET),📒 Lesson
Estructura y análisis de Datos,Yes,08/03/2023 19:30 (CET),📒 Lesson
Estructura y análisis de Datos,Yes,01/03/2023 19:30 (CET),📒 Lesson
Estructura y análisis de Datos,Yes,22/02/2023 19:30 (CET),📒 Lesson
Comportamiento Humano e Integración de la Inteligencia Artificial,Yes,03/05/2023 18:00 (CEST),📒 Lesson
Comportamiento Humano e Integración de la Inteligencia Artificial,Yes,25/04/2023 18:00 (CEST),📒 Lesson
Comportamiento Humano e Integración de la Inteligencia Artificial,Yes,18/04/2023 18:00 (CEST),📒 Lesson
Comportamiento Humano e Integración de la Inteligencia Artificial,Yes,11/04/2023 18:00 (CEST),📒 Lesson
Comportamiento Humano e Integración de la Inteligencia Artificial,Yes,28/03/2023 18:00 (CEST),📒 Lesson
Comportamiento Humano e Integración de la Inteligencia Artificial,Yes,21/03/2023 18:00 (CET),📒 Lesson
Comportamiento Humano e Integración de la Inteligencia Artificial,Yes,14/03/2023 18:00 (CET),📒 Lesson
Comportamiento Humano e Integración de la Inteligencia Artificial,Yes,07/03/2023 18:00 (CET),📒 Lesson
Comportamiento Humano e Integración de la Inteligencia Artificial,Yes,28/02/2023 18:00 (CET),📒 Lesson
Comportamiento Humano e Integración de la Inteligencia Artificial,Yes,21/02/2023 18:00 (CET),📒 Lesson
Mét. Numéricos,Yes,04/05/2023 18:00 (CEST),📒 Lesson
Fundamentos de la programación II,No,26/05/2023 19:30 (CEST),📒 Lesson
Fundamentos de la programación II,Yes,19/05/2023 19:30 (CEST),📒 Lesson
Fundamentos de la programación II,Yes,12/05/2023 19:30 (CEST),📒 Lesson
Estructura y análisis de Datos,No,24/05/2023 19:30 (CEST),📒 Lesson
Estructura y análisis de Datos,Yes,17/05/2023 19:30 (CEST),📒 Lesson
Estructura y análisis de Datos,Yes,11/05/2023 19:30 (CEST),📒 Lesson
Comportamiento Humano e Integración de la Inteligencia Artificial,No,23/05/2023 18:00 (CEST),📒 Lesson
Comportamiento Humano e Integración de la Inteligencia Artificial,Yes,16/05/2023 18:00 (CEST),📒 Lesson
Comportamiento Humano e Integración de la Inteligencia Artificial,Yes,09/05/2023 18:00 (CEST),📒 Lesson
Mét. Numéricos,No,22/05/2023 18:00 (CEST),📒 Lesson
Mét. Numéricos,No,17/05/2023 18:00 (CEST),📒 Lesson
Mét. Numéricos,No,08/05/2023 18:00 (CEST),📒 Lesson
Mét. Numéricos,No,24/04/2023 18:00 (CEST),📒 Lesson
Mét. Numéricos,No,12/04/2023 18:00 (CEST),📒 Lesson
Mét. Numéricos,No,17/04/2023 18:00 (CEST),📒 Lesson
Mét. Numéricos,No,27/03/2023 18:00 (CEST),📒 Lesson
Métodos Numéricos y Factorizaciones,No,31/03/2023 23:59 (CEST),
Mét. Numéricos,Yes,20/03/2023 18:00 (CET),📒 Lesson
Mét. Numéricos,Yes,13/03/2023 18:00 (CET),📒 Lesson
Mét. Numéricos,Yes,06/03/2023 18:00 (CET),📒 Lesson
Mét. Numéricos,Yes,27/02/2023 18:00 (CET),📒 Lesson
Mét. Numéricos,Yes,20/02/2023 18:00 (CET),📒 Lesson
Comportamiento Humano e Integración de la Inteligencia Artificial,Yes,16/06/2023 17:00 (CEST),🔍 Exam
Métodos Numéricos y Factorizaciones,No,07/07/2023 12:00 (CEST),🔍 Exam
Fundamentos de la Programación II,No,08/07/2023 12:00 (CEST),🔍 Exam
Estructura y Análisis de Datos,No,06/07/2023 12:00 (CEST),🔍 Exam
Comportamiento Humano e Integración a la Inteligencia Artificial,No,05/07/2023 13:30 (CEST),
Examen Mecánica,Yes,20/12/2021 10:00 (CET) → 12:00,🔍 Exam
Red Universitaria de moda sostenible,Yes,19/11/2021 16:30 (CET) → 21/11/2021 13:30 (CET),Evento
Laboratorio,Yes,02/12/2021 15:00 (CET) → 18:00,Laboratorio
Examen Ecu. Dif.,Yes,16/11/2021 12:00 (CET) → 14:00,🔍 Exam
Examen Ecu. Dif.,Yes,16/12/2021 10:00 (CET) → 11:50,🔍 Exam
Charla Espacio,Yes,12/11/2021 13:00 (CET),Evento
Práctica 2 de termodinámica,Yes,11/11/2021 0:00 (CET) → 28/11/2021 23:59 (CET),Laboratorio
Examen Electromagnetismo,Yes,24/11/2021 8:15 (CET) → 8:55,🔍 Exam
Termodinámica,Yes,15/12/2021 14:00 (CET),🔍 Exam
Presentación Inglés,Yes,29/11/2021,Presentación
Sesión preliminar del laboratorio,Yes,29/11/2021 12:00 (CET) → 13:00,Laboratorio
Navidad responsable,Yes,01/12/2021 16:00 (CET) → 17:30,
Práctica 3,Yes,16/12/2021 12:00 (CET) → 14:00,Laboratorio
Inglés,Yes,20/12/2021 17:15 (CET),
Electromagnetismo,Yes,22/12/2021 10:00 (CET),
Mecánica,Yes,13/01/2022 9:30 (CET),🔍 Exam
Termdinámica,Yes,11/01/2022 9:30 (CET),🔍 Exam
Electromagnetismo,Yes,18/01/2022 16:00 (CET),
Traslado a UC3M,Yes,17/01/2022 → 07/03/2022,
Tecnología de los Materiales,Yes,12/04/2022 8:00 (CEST) → 19/04/2022 10:00 (CEST),🔍 Exam
Tecnología de los materiales,Yes,10/05/2022 8:00 (CEST) → 17/05/2022 10:00 (CEST),🔍 Exam
Física II,Yes,17/03/2022 8:15 (CET) → 21/03/2022 8:15 (CET),🔍 Exam
Física II,Yes,26/04/2022 8:15 (CEST) → 03/05/2022 8:15 (CEST),🔍 Exam
Práctica de vibraciones,Yes,10/03/2022 13:00 (CET),Laboratorio
Primer parcial Modelización,Yes,09/03/2022 8:00 (CET) → 10:00,🔍 Exam
Modelización y Análisis Numérico,Yes,20/04/2022 8:00 (CEST) → 27/04/2022 8:00 (CEST),🔍 Exam
3º Modelización y Análisis Numérico,Yes,11/05/2022 8:00 (CEST) → 18/05/2022 10:00 (CEST),🔍 Exam
Física II,Yes,31/05/2022 0:00 (CEST) → 07/06/2022 9:30 (CEST),🔍 Exam
Tecnologia de los materiales,Yes,03/06/2022 0:00 (CEST) → 10/06/2022 9:30 (CEST),
Modelización y Analisis Numérico,Yes,30/05/2022 0:00 (CEST) → 06/06/2022 9:30 (CEST),
Física II,Yes,28/06/2022 0:00 (CEST) → 05/07/2022 9:30 (CEST),
Modelizasión y analisís numérico,Yes,24/06/2022 0:00 (CEST) → 01/07/2022 0:00 (CEST),🔍 Exam
Tecnología de los Materiales,Yes,04/07/2022 0:00 (CEST) → 11/07/2022 16:00 (CEST),
Charla Nuclear,Yes,19/05/2022 17:30 (CEST),
Comportamiento Humano e Integración de la Inteligencia Artificial,No,05/07/2023 13:30 (CEST),🔍 Exam
,No,,📒 Lesson
Fundamentos de la Programación II,Yes,10/06/2023 12:00 (CEST),🔍 Exam